"Voucher ID"," Status"," Duration"," Validity Time"," Device Quota"," Download Limit(Kbps)"," Upload Limit(Kbps)"," Byte Limit(MB)"
"5666916293	","Unused	","1day(s) 	","2024/12/31 01:14PM	","0/1	","","","10000/Per Voucher	"
"5861996294	","Unused	","1day(s) 	","2024/12/31 01:14PM	","0/1	","","","10000/Per Voucher	"
"5963906295	","Unused	","1day(s) 	","2024/12/31 01:14PM	","0/1	","","","10000/Per Voucher	"
"5466936296	","Unused	","1day(s) 	","2024/12/31 01:14PM	","0/1	","","","10000/Per Voucher	"
"5564946297	","Unused	","1day(s) 	","2024/12/31 01:14PM	","0/1	","","","10000/Per Voucher	"
"5362926298	","Unused	","1day(s) 	","2024/12/31 01:14PM	","0/1	","","","10000/Per Voucher	"
"5967906299	","Unused	","1day(s) 	","2024/12/31 01:14PM	","0/1	","","","10000/Per Voucher	"
"5664956300	","Unused	","1day(s) 	","2024/12/31 01:14PM	","0/1	","","","10000/Per Voucher	"
"5865906301	","Unused	","1day(s) 	","2024/12/31 01:14PM	","0/1	","","","10000/Per Voucher	"
"5865936302	","Unused	","1day(s) 	","2024/12/31 01:14PM	","0/1	","","","10000/Per Voucher	"
"5867996303	","Unused	","1day(s) 	","2024/12/31 01:14PM	","0/1	","","","10000/Per Voucher	"
"5562926304	","Unused	","1day(s) 	","2024/12/31 01:14PM	","0/1	","","","10000/Per Voucher	"
"5864936305	","Unused	","1day(s) 	","2024/12/31 01:14PM	","0/1	","","","10000/Per Voucher	"
"5769976306	","Unused	","1day(s) 	","2024/12/31 01:14PM	","0/1	","","","10000/Per Voucher	"
"5966986307	","Unused	","1day(s) 	","2024/12/31 01:14PM	","0/1	","","","10000/Per Voucher	"
"5565986308	","Unused	","1day(s) 	","2024/12/31 01:14PM	","0/1	","","","10000/Per Voucher	"
"5063956309	","Unused	","1day(s) 	","2024/12/31 01:14PM	","0/1	","","","10000/Per Voucher	"
"5669946310	","Unused	","1day(s) 	","2024/12/31 01:14PM	","0/1	","","","10000/Per Voucher	"
"5766956311	","Unused	","1day(s) 	","2024/12/31 01:14PM	","0/1	","","","10000/Per Voucher	"
"5564996312	","Unused	","1day(s) 	","2024/12/31 01:14PM	","0/1	","","","10000/Per Voucher	"
"5563986313	","Unused	","1day(s) 	","2024/12/31 01:14PM	","0/1	","","","10000/Per Voucher	"
"5060956314	","Unused	","1day(s) 	","2024/12/31 01:14PM	","0/1	","","","10000/Per Voucher	"
"5563986315	","Unused	","1day(s) 	","2024/12/31 01:14PM	","0/1	","","","10000/Per Voucher	"
"5267906316	","Unused	","1day(s) 	","2024/12/31 01:14PM	","0/1	","","","10000/Per Voucher	"
"5364966317	","Unused	","1day(s) 	","2024/12/31 01:14PM	","0/1	","","","10000/Per Voucher	"
"5660996318	","Unused	","1day(s) 	","2024/12/31 01:14PM	","0/1	","","","10000/Per Voucher	"
"5763906319	","Unused	","1day(s) 	","2024/12/31 01:14PM	","0/1	","","","10000/Per Voucher	"
"5369996320	","Unused	","1day(s) 	","2024/12/31 01:14PM	","0/1	","","","10000/Per Voucher	"
"5768936321	","Unused	","1day(s) 	","2024/12/31 01:14PM	","0/1	","","","10000/Per Voucher	"
"5863996322	","Unused	","1day(s) 	","2024/12/31 01:14PM	","0/1	","","","10000/Per Voucher	"
"5963966323	","Unused	","1day(s) 	","2024/12/31 01:14PM	","0/1	","","","10000/Per Voucher	"
"5664976324	","Unused	","1day(s) 	","2024/12/31 01:14PM	","0/1	","","","10000/Per Voucher	"
"5460906325	","Unused	","1day(s) 	","2024/12/31 01:14PM	","0/1	","","","10000/Per Voucher	"
"5566926326	","Unused	","1day(s) 	","2024/12/31 01:14PM	","0/1	","","","10000/Per Voucher	"
"5666926327	","Unused	","1day(s) 	","2024/12/31 01:14PM	","0/1	","","","10000/Per Voucher	"
"5760906328	","Unused	","1day(s) 	","2024/12/31 01:14PM	","0/1	","","","10000/Per Voucher	"
"5064956329	","Unused	","1day(s) 	","2024/12/31 01:14PM	","0/1	","","","10000/Per Voucher	"
"5966926330	","Unused	","1day(s) 	","2024/12/31 01:14PM	","0/1	","","","10000/Per Voucher	"
"5260986331	","Unused	","1day(s) 	","2024/12/31 01:14PM	","0/1	","","","10000/Per Voucher	"
"5661986332	","Unused	","1day(s) 	","2024/12/31 01:14PM	","0/1	","","","10000/Per Voucher	"
"5666976333	","Unused	","1day(s) 	","2024/12/31 01:14PM	","0/1	","","","10000/Per Voucher	"
"5462966334	","Unused	","1day(s) 	","2024/12/31 01:14PM	","0/1	","","","10000/Per Voucher	"
"5862996335	","Unused	","1day(s) 	","2024/12/31 01:14PM	","0/1	","","","10000/Per Voucher	"
"5968976336	","Unused	","1day(s) 	","2024/12/31 01:14PM	","0/1	","","","10000/Per Voucher	"
"5666926337	","Unused	","1day(s) 	","2024/12/31 01:14PM	","0/1	","","","10000/Per Voucher	"
"5960996338	","Unused	","1day(s) 	","2024/12/31 01:14PM	","0/1	","","","10000/Per Voucher	"
"5564966339	","Unused	","1day(s) 	","2024/12/31 01:14PM	","0/1	","","","10000/Per Voucher	"
"5163956340	","Unused	","1day(s) 	","2024/12/31 01:14PM	","0/1	","","","10000/Per Voucher	"
"5162916341	","Unused	","1day(s) 	","2024/12/31 01:14PM	","0/1	","","","10000/Per Voucher	"
"5166976342	","Unused	","1day(s) 	","2024/12/31 01:14PM	","0/1	","","","10000/Per Voucher	"
"5464946343	","Unused	","1day(s) 	","2024/12/31 01:14PM	","0/1	","","","10000/Per Voucher	"
"5365976344	","Unused	","1day(s) 	","2024/12/31 01:14PM	","0/1	","","","10000/Per Voucher	"
"5660956345	","Unused	","1day(s) 	","2024/12/31 01:14PM	","0/1	","","","10000/Per Voucher	"
"5366996346	","Unused	","1day(s) 	","2024/12/31 01:14PM	","0/1	","","","10000/Per Voucher	"
"5463996347	","Unused	","1day(s) 	","2024/12/31 01:14PM	","0/1	","","","10000/Per Voucher	"
"5464966348	","Unused	","1day(s) 	","2024/12/31 01:14PM	","0/1	","","","10000/Per Voucher	"
"5469936349	","Unused	","1day(s) 	","2024/12/31 01:14PM	","0/1	","","","10000/Per Voucher	"
"5363946350	","Unused	","1day(s) 	","2024/12/31 01:14PM	","0/1	","","","10000/Per Voucher	"
"5761986351	","Unused	","1day(s) 	","2024/12/31 01:14PM	","0/1	","","","10000/Per Voucher	"
"5860946352	","Unused	","1day(s) 	","2024/12/31 01:14PM	","0/1	","","","10000/Per Voucher	"
"5861936353	","Unused	","1day(s) 	","2024/12/31 01:14PM	","0/1	","","","10000/Per Voucher	"
"5760966354	","Unused	","1day(s) 	","2024/12/31 01:14PM	","0/1	","","","10000/Per Voucher	"
"5467906355	","Unused	","1day(s) 	","2024/12/31 01:14PM	","0/1	","","","10000/Per Voucher	"
"5464926356	","Unused	","1day(s) 	","2024/12/31 01:14PM	","0/1	","","","10000/Per Voucher	"
"5163966357	","Unused	","1day(s) 	","2024/12/31 01:14PM	","0/1	","","","10000/Per Voucher	"
"5767936358	","Unused	","1day(s) 	","2024/12/31 01:14PM	","0/1	","","","10000/Per Voucher	"
"5763956359	","Unused	","1day(s) 	","2024/12/31 01:14PM	","0/1	","","","10000/Per Voucher	"
"5861916360	","Unused	","1day(s) 	","2024/12/31 01:14PM	","0/1	","","","10000/Per Voucher	"
"5760906361	","Unused	","1day(s) 	","2024/12/31 01:14PM	","0/1	","","","10000/Per Voucher	"
"5864976362	","Unused	","1day(s) 	","2024/12/31 01:14PM	","0/1	","","","10000/Per Voucher	"
"5960966363	","Unused	","1day(s) 	","2024/12/31 01:14PM	","0/1	","","","10000/Per Voucher	"
"5464986364	","Unused	","1day(s) 	","2024/12/31 01:14PM	","0/1	","","","10000/Per Voucher	"
"5766976365	","Unused	","1day(s) 	","2024/12/31 01:14PM	","0/1	","","","10000/Per Voucher	"
"5867926366	","Unused	","1day(s) 	","2024/12/31 01:14PM	","0/1	","","","10000/Per Voucher	"
"5661956367	","Unused	","1day(s) 	","2024/12/31 01:14PM	","0/1	","","","10000/Per Voucher	"
"5263946368	","Unused	","1day(s) 	","2024/12/31 01:14PM	","0/1	","","","10000/Per Voucher	"
"5764966369	","Unused	","1day(s) 	","2024/12/31 01:14PM	","0/1	","","","10000/Per Voucher	"
"5263916370	","Unused	","1day(s) 	","2024/12/31 01:14PM	","0/1	","","","10000/Per Voucher	"
"5060946371	","Unused	","1day(s) 	","2024/12/31 01:14PM	","0/1	","","","10000/Per Voucher	"
"5964946372	","Unused	","1day(s) 	","2024/12/31 01:14PM	","0/1	","","","10000/Per Voucher	"
"5065926373	","Unused	","1day(s) 	","2024/12/31 01:14PM	","0/1	","","","10000/Per Voucher	"
"5167986374	","Unused	","1day(s) 	","2024/12/31 01:14PM	","0/1	","","","10000/Per Voucher	"
"5060996375	","Unused	","1day(s) 	","2024/12/31 01:14PM	","0/1	","","","10000/Per Voucher	"
"5167946376	","Unused	","1day(s) 	","2024/12/31 01:14PM	","0/1	","","","10000/Per Voucher	"
"5968966377	","Unused	","1day(s) 	","2024/12/31 01:14PM	","0/1	","","","10000/Per Voucher	"
"5461936378	","Unused	","1day(s) 	","2024/12/31 01:14PM	","0/1	","","","10000/Per Voucher	"
"5368956379	","Unused	","1day(s) 	","2024/12/31 01:14PM	","0/1	","","","10000/Per Voucher	"
"5969906380	","Unused	","1day(s) 	","2024/12/31 01:14PM	","0/1	","","","10000/Per Voucher	"
"5064986381	","Unused	","1day(s) 	","2024/12/31 01:14PM	","0/1	","","","10000/Per Voucher	"
"5067926382	","Unused	","1day(s) 	","2024/12/31 01:14PM	","0/1	","","","10000/Per Voucher	"
"5065976383	","Unused	","1day(s) 	","2024/12/31 01:14PM	","0/1	","","","10000/Per Voucher	"
"5560976384	","Unused	","1day(s) 	","2024/12/31 01:14PM	","0/1	","","","10000/Per Voucher	"
"5569906385	","Unused	","1day(s) 	","2024/12/31 01:14PM	","0/1	","","","10000/Per Voucher	"
"5567936386	","Unused	","1day(s) 	","2024/12/31 01:14PM	","0/1	","","","10000/Per Voucher	"
"5567906387	","Unused	","1day(s) 	","2024/12/31 01:14PM	","0/1	","","","10000/Per Voucher	"
"5467976388	","Unused	","1day(s) 	","2024/12/31 01:14PM	","0/1	","","","10000/Per Voucher	"
"5063936389	","Unused	","1day(s) 	","2024/12/31 01:14PM	","0/1	","","","10000/Per Voucher	"
"5065996390	","Unused	","1day(s) 	","2024/12/31 01:14PM	","0/1	","","","10000/Per Voucher	"
"5361946391	","Unused	","1day(s) 	","2024/12/31 01:14PM	","0/1	","","","10000/Per Voucher	"
"5866906392	","Unused	","1day(s) 	","2024/12/31 01:14PM	","0/1	","","","10000/Per Voucher	"
"5260946393	","Unused	","1day(s) 	","2024/12/31 01:14PM	","0/1	","","","10000/Per Voucher	"
"5564986394	","Unused	","1day(s) 	","2024/12/31 01:14PM	","0/1	","","","10000/Per Voucher	"
"5761956395	","Unused	","1day(s) 	","2024/12/31 01:14PM	","0/1	","","","10000/Per Voucher	"
"5668986396	","Unused	","1day(s) 	","2024/12/31 01:14PM	","0/1	","","","10000/Per Voucher	"
"5563926397	","Unused	","1day(s) 	","2024/12/31 01:14PM	","0/1	","","","10000/Per Voucher	"
"5966966398	","Unused	","1day(s) 	","2024/12/31 01:14PM	","0/1	","","","10000/Per Voucher	"
"5761916399	","Unused	","1day(s) 	","2024/12/31 01:14PM	","0/1	","","","10000/Per Voucher	"
"5361936400	","Unused	","1day(s) 	","2024/12/31 01:14PM	","0/1	","","","10000/Per Voucher	"
"5960916401	","Unused	","1day(s) 	","2024/12/31 01:14PM	","0/1	","","","10000/Per Voucher	"
"5763916402	","Unused	","1day(s) 	","2024/12/31 01:14PM	","0/1	","","","10000/Per Voucher	"
"5868956403	","Unused	","1day(s) 	","2024/12/31 01:14PM	","0/1	","","","10000/Per Voucher	"
"5969936404	","Unused	","1day(s) 	","2024/12/31 01:14PM	","0/1	","","","10000/Per Voucher	"
"5565986405	","Unused	","1day(s) 	","2024/12/31 01:14PM	","0/1	","","","10000/Per Voucher	"
"5263986406	","Unused	","1day(s) 	","2024/12/31 01:14PM	","0/1	","","","10000/Per Voucher	"
"5669926407	","Unused	","1day(s) 	","2024/12/31 01:14PM	","0/1	","","","10000/Per Voucher	"
"5068986408	","Unused	","1day(s) 	","2024/12/31 01:14PM	","0/1	","","","10000/Per Voucher	"
"5369926409	","Unused	","1day(s) 	","2024/12/31 01:14PM	","0/1	","","","10000/Per Voucher	"
"5367946410	","Unused	","1day(s) 	","2024/12/31 01:14PM	","0/1	","","","10000/Per Voucher	"
"5763916411	","Unused	","1day(s) 	","2024/12/31 01:14PM	","0/1	","","","10000/Per Voucher	"
"5560916412	","Unused	","1day(s) 	","2024/12/31 01:14PM	","0/1	","","","10000/Per Voucher	"
"5664956413	","Unused	","1day(s) 	","2024/12/31 01:14PM	","0/1	","","","10000/Per Voucher	"
"5768926414	","Unused	","1day(s) 	","2024/12/31 01:14PM	","0/1	","","","10000/Per Voucher	"
"5766916415	","Unused	","1day(s) 	","2024/12/31 01:14PM	","0/1	","","","10000/Per Voucher	"
"5967986416	","Unused	","1day(s) 	","2024/12/31 01:14PM	","0/1	","","","10000/Per Voucher	"
"5167986417	","Unused	","1day(s) 	","2024/12/31 01:14PM	","0/1	","","","10000/Per Voucher	"
"5168926418	","Unused	","1day(s) 	","2024/12/31 01:14PM	","0/1	","","","10000/Per Voucher	"
"5763936419	","Unused	","1day(s) 	","2024/12/31 01:14PM	","0/1	","","","10000/Per Voucher	"
"5567956420	","Unused	","1day(s) 	","2024/12/31 01:14PM	","0/1	","","","10000/Per Voucher	"
"5361996421	","Unused	","1day(s) 	","2024/12/31 01:14PM	","0/1	","","","10000/Per Voucher	"
"5364926422	","Unused	","1day(s) 	","2024/12/31 01:14PM	","0/1	","","","10000/Per Voucher	"
"5766936423	","Unused	","1day(s) 	","2024/12/31 01:14PM	","0/1	","","","10000/Per Voucher	"
"5468946424	","Unused	","1day(s) 	","2024/12/31 01:14PM	","0/1	","","","10000/Per Voucher	"
"5160946425	","Unused	","1day(s) 	","2024/12/31 01:14PM	","0/1	","","","10000/Per Voucher	"
"5561946426	","Unused	","1day(s) 	","2024/12/31 01:14PM	","0/1	","","","10000/Per Voucher	"
"5362966427	","Unused	","1day(s) 	","2024/12/31 01:14PM	","0/1	","","","10000/Per Voucher	"
"5262906428	","Unused	","1day(s) 	","2024/12/31 01:14PM	","0/1	","","","10000/Per Voucher	"
"5867996429	","Unused	","1day(s) 	","2024/12/31 01:14PM	","0/1	","","","10000/Per Voucher	"
"5565986430	","Unused	","1day(s) 	","2024/12/31 01:14PM	","0/1	","","","10000/Per Voucher	"
"5365946431	","Unused	","1day(s) 	","2024/12/31 01:14PM	","0/1	","","","10000/Per Voucher	"
"5763956432	","Unused	","1day(s) 	","2024/12/31 01:14PM	","0/1	","","","10000/Per Voucher	"
"5269956433	","Unused	","1day(s) 	","2024/12/31 01:14PM	","0/1	","","","10000/Per Voucher	"
"5261996434	","Unused	","1day(s) 	","2024/12/31 01:14PM	","0/1	","","","10000/Per Voucher	"
"5261956435	","Unused	","1day(s) 	","2024/12/31 01:14PM	","0/1	","","","10000/Per Voucher	"
"5165956436	","Unused	","1day(s) 	","2024/12/31 01:14PM	","0/1	","","","10000/Per Voucher	"
"5368916437	","Unused	","1day(s) 	","2024/12/31 01:14PM	","0/1	","","","10000/Per Voucher	"
"5163936438	","Unused	","1day(s) 	","2024/12/31 01:14PM	","0/1	","","","10000/Per Voucher	"
"5461976439	","Unused	","1day(s) 	","2024/12/31 01:14PM	","0/1	","","","10000/Per Voucher	"
"5361946440	","Unused	","1day(s) 	","2024/12/31 01:14PM	","0/1	","","","10000/Per Voucher	"
"5067936441	","Unused	","1day(s) 	","2024/12/31 01:14PM	","0/1	","","","10000/Per Voucher	"
"5067946442	","Unused	","1day(s) 	","2024/12/31 01:14PM	","0/1	","","","10000/Per Voucher	"
"5969976443	","Unused	","1day(s) 	","2024/12/31 01:14PM	","0/1	","","","10000/Per Voucher	"
"5063986444	","Unused	","1day(s) 	","2024/12/31 01:14PM	","0/1	","","","10000/Per Voucher	"
"5364916445	","Unused	","1day(s) 	","2024/12/31 01:14PM	","0/1	","","","10000/Per Voucher	"
"5362966446	","Unused	","1day(s) 	","2024/12/31 01:14PM	","0/1	","","","10000/Per Voucher	"
"5067926447	","Unused	","1day(s) 	","2024/12/31 01:14PM	","0/1	","","","10000/Per Voucher	"
"5569946448	","Unused	","1day(s) 	","2024/12/31 01:14PM	","0/1	","","","10000/Per Voucher	"
"5569926449	","Unused	","1day(s) 	","2024/12/31 01:14PM	","0/1	","","","10000/Per Voucher	"
"5467926450	","Unused	","1day(s) 	","2024/12/31 01:14PM	","0/1	","","","10000/Per Voucher	"
"5569946451	","Unused	","1day(s) 	","2024/12/31 01:14PM	","0/1	","","","10000/Per Voucher	"
"5960986452	","Unused	","1day(s) 	","2024/12/31 01:14PM	","0/1	","","","10000/Per Voucher	"
"5667906453	","Unused	","1day(s) 	","2024/12/31 01:14PM	","0/1	","","","10000/Per Voucher	"
"5565996454	","Unused	","1day(s) 	","2024/12/31 01:14PM	","0/1	","","","10000/Per Voucher	"
"5568976455	","Unused	","1day(s) 	","2024/12/31 01:14PM	","0/1	","","","10000/Per Voucher	"
"5066956456	","Unused	","1day(s) 	","2024/12/31 01:14PM	","0/1	","","","10000/Per Voucher	"
"5166976457	","Unused	","1day(s) 	","2024/12/31 01:14PM	","0/1	","","","10000/Per Voucher	"
"5769986458	","Unused	","1day(s) 	","2024/12/31 01:14PM	","0/1	","","","10000/Per Voucher	"
"5264986459	","Unused	","1day(s) 	","2024/12/31 01:14PM	","0/1	","","","10000/Per Voucher	"
"5865986460	","Unused	","1day(s) 	","2024/12/31 01:14PM	","0/1	","","","10000/Per Voucher	"
"5968956461	","Unused	","1day(s) 	","2024/12/31 01:14PM	","0/1	","","","10000/Per Voucher	"
"5567976462	","Unused	","1day(s) 	","2024/12/31 01:14PM	","0/1	","","","10000/Per Voucher	"
"5065986463	","Unused	","1day(s) 	","2024/12/31 01:14PM	","0/1	","","","10000/Per Voucher	"
"5167906464	","Unused	","1day(s) 	","2024/12/31 01:14PM	","0/1	","","","10000/Per Voucher	"
"5763996465	","Unused	","1day(s) 	","2024/12/31 01:14PM	","0/1	","","","10000/Per Voucher	"
"5360946466	","Unused	","1day(s) 	","2024/12/31 01:14PM	","0/1	","","","10000/Per Voucher	"
"5764946467	","Unused	","1day(s) 	","2024/12/31 01:14PM	","0/1	","","","10000/Per Voucher	"
"5861906468	","Unused	","1day(s) 	","2024/12/31 01:14PM	","0/1	","","","10000/Per Voucher	"
"5566936469	","Unused	","1day(s) 	","2024/12/31 01:14PM	","0/1	","","","10000/Per Voucher	"
"5165996470	","Unused	","1day(s) 	","2024/12/31 01:14PM	","0/1	","","","10000/Per Voucher	"
"5867936471	","Unused	","1day(s) 	","2024/12/31 01:14PM	","0/1	","","","10000/Per Voucher	"
"5263966472	","Unused	","1day(s) 	","2024/12/31 01:14PM	","0/1	","","","10000/Per Voucher	"
"5660976473	","Unused	","1day(s) 	","2024/12/31 01:14PM	","0/1	","","","10000/Per Voucher	"
"5768986474	","Unused	","1day(s) 	","2024/12/31 01:14PM	","0/1	","","","10000/Per Voucher	"
"5866996475	","Unused	","1day(s) 	","2024/12/31 01:14PM	","0/1	","","","10000/Per Voucher	"
"5861966476	","Unused	","1day(s) 	","2024/12/31 01:14PM	","0/1	","","","10000/Per Voucher	"
"5762986477	","Unused	","1day(s) 	","2024/12/31 01:14PM	","0/1	","","","10000/Per Voucher	"
"5668966478	","Unused	","1day(s) 	","2024/12/31 01:14PM	","0/1	","","","10000/Per Voucher	"
"5665996479	","Unused	","1day(s) 	","2024/12/31 01:14PM	","0/1	","","","10000/Per Voucher	"
"5267906480	","Unused	","1day(s) 	","2024/12/31 01:14PM	","0/1	","","","10000/Per Voucher	"
"5063936481	","Unused	","1day(s) 	","2024/12/31 01:14PM	","0/1	","","","10000/Per Voucher	"
"5868976482	","Unused	","1day(s) 	","2024/12/31 01:14PM	","0/1	","","","10000/Per Voucher	"
"5466916483	","Unused	","1day(s) 	","2024/12/31 01:14PM	","0/1	","","","10000/Per Voucher	"
"5563916484	","Unused	","1day(s) 	","2024/12/31 01:14PM	","0/1	","","","10000/Per Voucher	"
"5362976485	","Unused	","1day(s) 	","2024/12/31 01:14PM	","0/1	","","","10000/Per Voucher	"
"5260906486	","Unused	","1day(s) 	","2024/12/31 01:14PM	","0/1	","","","10000/Per Voucher	"
"5460996487	","Unused	","1day(s) 	","2024/12/31 01:14PM	","0/1	","","","10000/Per Voucher	"
"5664976488	","Unused	","1day(s) 	","2024/12/31 01:14PM	","0/1	","","","10000/Per Voucher	"
"5662936489	","Unused	","1day(s) 	","2024/12/31 01:14PM	","0/1	","","","10000/Per Voucher	"
"5169986490	","Unused	","1day(s) 	","2024/12/31 01:14PM	","0/1	","","","10000/Per Voucher	"
"5163946491	","Unused	","1day(s) 	","2024/12/31 01:14PM	","0/1	","","","10000/Per Voucher	"
"5464966492	","Unused	","1day(s) 	","2024/12/31 01:14PM	","0/1	","","","10000/Per Voucher	"
"5364976493	","Unused	","1day(s) 	","2024/12/31 01:14PM	","0/1	","","","10000/Per Voucher	"
"5463936494	","Unused	","1day(s) 	","2024/12/31 01:14PM	","0/1	","","","10000/Per Voucher	"
"5562996495	","Unused	","1day(s) 	","2024/12/31 01:14PM	","0/1	","","","10000/Per Voucher	"
"5164986496	","Unused	","1day(s) 	","2024/12/31 01:14PM	","0/1	","","","10000/Per Voucher	"
"5960996497	","Unused	","1day(s) 	","2024/12/31 01:14PM	","0/1	","","","10000/Per Voucher	"
"5762996498	","Unused	","1day(s) 	","2024/12/31 01:14PM	","0/1	","","","10000/Per Voucher	"
"5467986499	","Unused	","1day(s) 	","2024/12/31 01:14PM	","0/1	","","","10000/Per Voucher	"
"5460916500	","Unused	","1day(s) 	","2024/12/31 01:14PM	","0/1	","","","10000/Per Voucher	"
"5063926501	","Unused	","1day(s) 	","2024/12/31 01:14PM	","0/1	","","","10000/Per Voucher	"
"5363976502	","Unused	","1day(s) 	","2024/12/31 01:14PM	","0/1	","","","10000/Per Voucher	"
"5860916503	","Unused	","1day(s) 	","2024/12/31 01:14PM	","0/1	","","","10000/Per Voucher	"
"5962916504	","Unused	","1day(s) 	","2024/12/31 01:14PM	","0/1	","","","10000/Per Voucher	"
"5265996505	","Unused	","1day(s) 	","2024/12/31 01:14PM	","0/1	","","","10000/Per Voucher	"
"5968926506	","Unused	","1day(s) 	","2024/12/31 01:14PM	","0/1	","","","10000/Per Voucher	"
"5260996507	","Unused	","1day(s) 	","2024/12/31 01:14PM	","0/1	","","","10000/Per Voucher	"
"5164926508	","Unused	","1day(s) 	","2024/12/31 01:14PM	","0/1	","","","10000/Per Voucher	"
"5069936509	","Unused	","1day(s) 	","2024/12/31 01:14PM	","0/1	","","","10000/Per Voucher	"
"5165976510	","Unused	","1day(s) 	","2024/12/31 01:14PM	","0/1	","","","10000/Per Voucher	"
"5562926511	","Unused	","1day(s) 	","2024/12/31 01:14PM	","0/1	","","","10000/Per Voucher	"
"5266976512	","Unused	","1day(s) 	","2024/12/31 01:14PM	","0/1	","","","10000/Per Voucher	"
"5066906513	","Unused	","1day(s) 	","2024/12/31 01:14PM	","0/1	","","","10000/Per Voucher	"
"5264906514	","Unused	","1day(s) 	","2024/12/31 01:14PM	","0/1	","","","10000/Per Voucher	"
"5264956515	","Unused	","1day(s) 	","2024/12/31 01:14PM	","0/1	","","","10000/Per Voucher	"
"5862936516	","Unused	","1day(s) 	","2024/12/31 01:14PM	","0/1	","","","10000/Per Voucher	"
"5869946517	","Unused	","1day(s) 	","2024/12/31 01:14PM	","0/1	","","","10000/Per Voucher	"
"5562946518	","Unused	","1day(s) 	","2024/12/31 01:14PM	","0/1	","","","10000/Per Voucher	"
"5965906519	","Unused	","1day(s) 	","2024/12/31 01:14PM	","0/1	","","","10000/Per Voucher	"
"5061936520	","Unused	","1day(s) 	","2024/12/31 01:14PM	","0/1	","","","10000/Per Voucher	"
"5069946521	","Unused	","1day(s) 	","2024/12/31 01:14PM	","0/1	","","","10000/Per Voucher	"
"5160996522	","Unused	","1day(s) 	","2024/12/31 01:14PM	","0/1	","","","10000/Per Voucher	"
"5961906523	","Unused	","1day(s) 	","2024/12/31 01:14PM	","0/1	","","","10000/Per Voucher	"
"5462916524	","Unused	","1day(s) 	","2024/12/31 01:14PM	","0/1	","","","10000/Per Voucher	"
"5868966525	","Unused	","1day(s) 	","2024/12/31 01:14PM	","0/1	","","","10000/Per Voucher	"
"5464956526	","Unused	","1day(s) 	","2024/12/31 01:14PM	","0/1	","","","10000/Per Voucher	"
"5266946527	","Unused	","1day(s) 	","2024/12/31 01:14PM	","0/1	","","","10000/Per Voucher	"
"5269906528	","Unused	","1day(s) 	","2024/12/31 01:14PM	","0/1	","","","10000/Per Voucher	"
"5260976529	","Unused	","1day(s) 	","2024/12/31 01:14PM	","0/1	","","","10000/Per Voucher	"
"5860996530	","Unused	","1day(s) 	","2024/12/31 01:14PM	","0/1	","","","10000/Per Voucher	"
"5465926531	","Unused	","1day(s) 	","2024/12/31 01:14PM	","0/1	","","","10000/Per Voucher	"
"5968976532	","Unused	","1day(s) 	","2024/12/31 01:14PM	","0/1	","","","10000/Per Voucher	"
"5864906533	","Unused	","1day(s) 	","2024/12/31 01:14PM	","0/1	","","","10000/Per Voucher	"
"5566986534	","Unused	","1day(s) 	","2024/12/31 01:14PM	","0/1	","","","10000/Per Voucher	"
"5161926535	","Unused	","1day(s) 	","2024/12/31 01:14PM	","0/1	","","","10000/Per Voucher	"
"5167906536	","Unused	","1day(s) 	","2024/12/31 01:14PM	","0/1	","","","10000/Per Voucher	"
"5166946537	","Unused	","1day(s) 	","2024/12/31 01:14PM	","0/1	","","","10000/Per Voucher	"
"5267996538	","Unused	","1day(s) 	","2024/12/31 01:14PM	","0/1	","","","10000/Per Voucher	"
"5663906539	","Unused	","1day(s) 	","2024/12/31 01:14PM	","0/1	","","","10000/Per Voucher	"
"5262996540	","Unused	","1day(s) 	","2024/12/31 01:14PM	","0/1	","","","10000/Per Voucher	"
"5760976541	","Unused	","1day(s) 	","2024/12/31 01:14PM	","0/1	","","","10000/Per Voucher	"
"5768996542	","Unused	","1day(s) 	","2024/12/31 01:14PM	","0/1	","","","10000/Per Voucher	"
"5264996543	","Unused	","1day(s) 	","2024/12/31 01:14PM	","0/1	","","","10000/Per Voucher	"
"5268936544	","Unused	","1day(s) 	","2024/12/31 01:14PM	","0/1	","","","10000/Per Voucher	"
"5569986545	","Unused	","1day(s) 	","2024/12/31 01:14PM	","0/1	","","","10000/Per Voucher	"
"5363966546	","Unused	","1day(s) 	","2024/12/31 01:14PM	","0/1	","","","10000/Per Voucher	"
"5561976547	","Unused	","1day(s) 	","2024/12/31 01:14PM	","0/1	","","","10000/Per Voucher	"
"5560956548	","Unused	","1day(s) 	","2024/12/31 01:14PM	","0/1	","","","10000/Per Voucher	"
"5267986549	","Unused	","1day(s) 	","2024/12/31 01:14PM	","0/1	","","","10000/Per Voucher	"
"5065956550	","Unused	","1day(s) 	","2024/12/31 01:14PM	","0/1	","","","10000/Per Voucher	"
"5165986551	","Unused	","1day(s) 	","2024/12/31 01:14PM	","0/1	","","","10000/Per Voucher	"
"5762906552	","Unused	","1day(s) 	","2024/12/31 01:14PM	","0/1	","","","10000/Per Voucher	"
"5266976553	","Unused	","1day(s) 	","2024/12/31 01:14PM	","0/1	","","","10000/Per Voucher	"
"5462926554	","Unused	","1day(s) 	","2024/12/31 01:14PM	","0/1	","","","10000/Per Voucher	"
"5161946555	","Unused	","1day(s) 	","2024/12/31 01:14PM	","0/1	","","","10000/Per Voucher	"
"5165926556	","Unused	","1day(s) 	","2024/12/31 01:14PM	","0/1	","","","10000/Per Voucher	"
"5261976557	","Unused	","1day(s) 	","2024/12/31 01:14PM	","0/1	","","","10000/Per Voucher	"
"5062996558	","Unused	","1day(s) 	","2024/12/31 01:14PM	","0/1	","","","10000/Per Voucher	"
"5164936559	","Unused	","1day(s) 	","2024/12/31 01:14PM	","0/1	","","","10000/Per Voucher	"
"5760946560	","Unused	","1day(s) 	","2024/12/31 01:14PM	","0/1	","","","10000/Per Voucher	"
"5864936561	","Unused	","1day(s) 	","2024/12/31 01:14PM	","0/1	","","","10000/Per Voucher	"
"5366966562	","Unused	","1day(s) 	","2024/12/31 01:14PM	","0/1	","","","10000/Per Voucher	"
"5069996563	","Unused	","1day(s) 	","2024/12/31 01:14PM	","0/1	","","","10000/Per Voucher	"
"5163916564	","Unused	","1day(s) 	","2024/12/31 01:14PM	","0/1	","","","10000/Per Voucher	"
"5968946565	","Unused	","1day(s) 	","2024/12/31 01:14PM	","0/1	","","","10000/Per Voucher	"
"5564936566	","Unused	","1day(s) 	","2024/12/31 01:14PM	","0/1	","","","10000/Per Voucher	"
"5662986567	","Unused	","1day(s) 	","2024/12/31 01:14PM	","0/1	","","","10000/Per Voucher	"
"5865926568	","Unused	","1day(s) 	","2024/12/31 01:14PM	","0/1	","","","10000/Per Voucher	"
"5665946569	","Unused	","1day(s) 	","2024/12/31 01:14PM	","0/1	","","","10000/Per Voucher	"
"5166986570	","Unused	","1day(s) 	","2024/12/31 01:14PM	","0/1	","","","10000/Per Voucher	"
"5962916571	","Unused	","1day(s) 	","2024/12/31 01:14PM	","0/1	","","","10000/Per Voucher	"
"5068926572	","Unused	","1day(s) 	","2024/12/31 01:14PM	","0/1	","","","10000/Per Voucher	"
"5862906573	","Unused	","1day(s) 	","2024/12/31 01:14PM	","0/1	","","","10000/Per Voucher	"
"5060906574	","Unused	","1day(s) 	","2024/12/31 01:14PM	","0/1	","","","10000/Per Voucher	"
"5861916575	","Unused	","1day(s) 	","2024/12/31 01:14PM	","0/1	","","","10000/Per Voucher	"
"5065966576	","Unused	","1day(s) 	","2024/12/31 01:14PM	","0/1	","","","10000/Per Voucher	"
"5066956577	","Unused	","1day(s) 	","2024/12/31 01:14PM	","0/1	","","","10000/Per Voucher	"
"5262986578	","Unused	","1day(s) 	","2024/12/31 01:14PM	","0/1	","","","10000/Per Voucher	"
"5062906579	","Unused	","1day(s) 	","2024/12/31 01:14PM	","0/1	","","","10000/Per Voucher	"
"5966976580	","Unused	","1day(s) 	","2024/12/31 01:14PM	","0/1	","","","10000/Per Voucher	"
"5161906581	","Unused	","1day(s) 	","2024/12/31 01:14PM	","0/1	","","","10000/Per Voucher	"
"5060946582	","Unused	","1day(s) 	","2024/12/31 01:14PM	","0/1	","","","10000/Per Voucher	"
"5267916583	","Unused	","1day(s) 	","2024/12/31 01:14PM	","0/1	","","","10000/Per Voucher	"
"5766936584	","Unused	","1day(s) 	","2024/12/31 01:14PM	","0/1	","","","10000/Per Voucher	"
"5266926585	","Unused	","1day(s) 	","2024/12/31 01:14PM	","0/1	","","","10000/Per Voucher	"
"5764966586	","Unused	","1day(s) 	","2024/12/31 01:14PM	","0/1	","","","10000/Per Voucher	"
"5263916587	","Unused	","1day(s) 	","2024/12/31 01:14PM	","0/1	","","","10000/Per Voucher	"
"5268976588	","Unused	","1day(s) 	","2024/12/31 01:14PM	","0/1	","","","10000/Per Voucher	"
"5164936589	","Unused	","1day(s) 	","2024/12/31 01:14PM	","0/1	","","","10000/Per Voucher	"
"5662956590	","Unused	","1day(s) 	","2024/12/31 01:14PM	","0/1	","","","10000/Per Voucher	"
"5363926591	","Unused	","1day(s) 	","2024/12/31 01:14PM	","0/1	","","","10000/Per Voucher	"
"5865966592	","Unused	","1day(s) 	","2024/12/31 01:14PM	","0/1	","","","10000/Per Voucher	"
